Sector,Company Name,Company Number,Region,Year Start Date,Year End Date,Number of Weeks,Number of Months,Currency,Consolidated Account,Turnover,Export,Cost of Sales,Gross Profit,Wages and Salaries,Directors Remuneration,Operating Profit,Depreciation,Audit Fees,Interest Expense,Profit Before Tax,Taxation,Profit After Tax,Dividends,Retained Profit,Tangible Assets,Intangible Assets,Total Fixed Assets,Total Current Assets,Trade Debtors,Stock,Cash,Other Current Assets,Increase in Cash,Misc Current Assets,Total Assets,Total Current Liabilities,Trade Creditors,Bank Borrowings Current,Other Short Term Finance,Misc Current Liabilities,Other Long Term Finance,Total Long Term Liabilities,Bank Overdraft and LTL,Total Liabilities,Net Assets,Working Capital,Issued Share Capital,Revenue Reserves,Other Reserves,Revaluation Reserve,Total Shareholders Equity,Net Worth,Net Cash Flow from Operations,Net Cash Flow Before Financing,Net Cash Flow from Financing,Contingent Liabilities,Capital Employed,Capital Employed,Estimated Turnover AI,EBITDA,,Currrent Ratio,ICR,
Advanced_Manufacturing,CALACHEM LTD,5369235,North West,02/01/2024,31/12/2024,52,12,GBP,N,5945386,,3357163,2588223,3704689,232875,-250098,1258715,70000,,-222888,-217337,-440225,2500000,-2940225,3547176,,3547176,12587546,1730268,,177181,10680097,,,16134722,5535034,927400,,,4607634,,542019,542019,6077053,10057669,7052512,7447983,2609686,,,10057669,10057669,,,,,10599688,55,,1035827,,2.915017686,#DIV/0!,0.187140133
Advanced_Manufacturing,TECNIQ LTD,9377990,East Of England,02/10/2023,30/09/2024,52,12,GBP,N,24095254,106163,16820096,7275158,8082651,378000,4093381,501299,33200,242613,3898808,-655541,3243267,845000,2398267,1850141,,1850141,12182757,3691214,3312234,4127280,1052029,1206115,,14032898,4324011,2115938,270000,234466,1703607,447755,1012315,1282315,5336326,8696572,7858746,500,8695822,250,,8696572,8696572,4254649,1290687,-84572,,9708887,179,,5060967,,3.245342808,0.21,1.170433424
Advanced_Manufacturing,SULZER (ABERDEEN) LIMITED,SC147952,Scotland,02/01/2024,31/12/2024,52,12,GBP,N,27068000,,20267000,6801000,6193000,,2866000,78000,22000,,2866000,-693000,2173000,2388000,-215000,509000,831000,1340000,21293000,12570000,1321000,801000,6601000,,,22633000,13160000,2930000,,2551000,7679000,501000,639000,639000,13799000,8834000,8133000,198000,8636000,,,8834000,8003000,,,,,9473000,92,,3191000,,1.719832827,#DIV/0!,0.242477204
Advanced_Manufacturing,CLEARVIEW INTELLIGENCE GROUP LIMITED,3131861,South East,01/04/2024,31/03/2025,52,12,GBP,Y,13257000,,6641000,6616000,4157000,542000,616000,186000,27000,,751000,14000,765000,350000,415000,903000,16000,919000,6328000,2475000,1032000,2452000,369000,213000,,7247000,3069000,911000,,,2158000,,30000,30000,3099000,4148000,3259000,251000,3895000,2000,,4148000,4132000,1096000,213000,,,4178000,57,,964000,,2.36135549,#DIV/0!,0.31410883
Advanced_Manufacturing,LEYBOLD UK LTD,668677,London,02/01/2024,31/12/2024,52,12,GBP,N,14984451,,8641516,6342935,2128672,186365,1190503,269937,,189638,1122155,-283843,838312,400000,438312,649587,,649587,6135037,2556568,489934,2946964,141571,,,6784624,4717052,71392,,2475343,2170317,372429,381605,381605,5098657,1685967,1417985,300000,1385967,,,1685967,1685967,,,,,2067572,31,,1581730,,1.438318679,0.08,0.335321722
Advanced_Manufacturing,LIBRA SPECIALITY CHEMICALS LIMITED,1009166,Yorkshire And The Humber,02/01/2024,31/12/2024,52,12,GBP,N,39525726,12670681,29524604,10001122,3695222,705892,2695943,906313,19400,193653,2502290,-476335,2025955,2000000,25955,14772100,,14772100,17338911,5375421,3830626,6245173,1887691,,,32111011,6721106,5097643,,,1623463,,5389000,5389000,12110106,20000905,10617805,100,15483071,,4517734,20000905,20000905,,,,,25389905,73,,3602256,,4.777637936,0.19,0.53596179
Advanced_Manufacturing,GRAPHIC PLC,1036230,South West,02/01/2024,31/12/2024,52,12,GBP,N,32229000,10725000,17436000,14793000,9077000,391000,11188000,677000,30000,92000,11096000,-2697000,8399000,9267000,-868000,11409000,52000,11461000,15298000,5249000,3047000,6853000,149000,-2218000,,26759000,7614000,4353000,,1611000,1650000,,,1258000,8872000,17887000,7684000,134000,17480000,273000,,17887000,17835000,9273000,-2218000,,,19145000,197,,9184000,,3.514447071,1.00,1.206199107
Advanced_Manufacturing,ARMOUR PLASTICS LIMITED,1013613,North East,31/03/2024,30/03/2025,52,12,GBP,N,9967400,,6981178,2986222,2303348,329769,811091,240961,8264,,844530,-199199,645331,18660,626671,955796,,955796,7033076,1792505,1951373,3184589,104609,977744,,7988872,2203952,1124674,,1172,1078106,,205514,205514,2409466,5579406,4829124,33816,5424537,121053,,5579406,5579406,1356564,977744,,272259,5784920,69,,1141868,,3.624794006,#DIV/0!,0.518100213
Advanced_Manufacturing,FESTO LIMITED,926749,East Midlands,02/01/2024,31/12/2024,52,12,GBP,N,42607229,194576,25904153,16703076,6756047,16399,3268067,148228,83721,10075,3257992,-860421,2397571,3001500,-603929,1895122,,1895122,8833709,5966647,283295,2011449,572318,,,10728831,4762767,149634,,1543431,3069702,,216448,216448,4979215,5749616,4070942,4500000,1249616,,,5749616,5749616,,,,,5966064,103,,3416295,,2.252646623,3.39,0.71729207
Advanced_Manufacturing,MULTISOL LIMITED,931537,Yorkshire And The Humber,02/01/2024,31/12/2024,52,12,GBP,N,52838000,12289000,43822000,9016000,4642000,717000,1242000,455000,87000,2439000,59685000,-16000,59669000,50198000,9471000,4636000,,4636000,18509000,7487000,3974000,4104000,2944000,,,23145000,8947000,5379000,489000,1369000,1710000,,423000,912000,9370000,13775000,9562000,5000,12964000,806000,,13775000,13775000,,,,,14198000,72,,62579000,,2.586900637,0.26,6.994411535
Clean_Energy,IQA OPERATIONS GROUP LIMITED,SC235142,,02/01/2024,31/12/2024,52,12,GBP,N,34589462,445505,28596690,5992772,11536710,202318,1398363,318020,40000,33110,1761608,-436568,1325040,1064200,260840,1441402,,1441402,20267129,2937732,,4546987,12782410,,,21708531,12310300,872184,,900757,10537359,1080971,1080971,1080971,13391271,8317260,7956829,3304525,3175781,1836954,,8317260,8317260,,,,,9398231,195,,2112738,,1.763444514,0.64,0.1716236
Clean_Energy,RSK ADAS LIMITED,10486936,North West,31/03/2024,06/04/2025,53,12,GBP,N,33980598,2604715,26201572,7779026,17314502,134667,114684,1042241,63200,46764,251884,-600765,-348881,839000,-1187881,2414242,536940,2951182,10484690,3756827,,,6727863,,,13435872,8129726,1435523,390052,1027217,5276934,1032005,1032005,1422057,9161731,4274141,2354964,4000100,-905310,1179351,,4274141,3737201,,,,831936000,5306146,441,,1635223,,1.652684482,0.35,0.201141219
Clean_Energy,LUCION SERVICES LIMITED,6495874,North West,01/04/2024,31/03/2025,52,12,GBP,N,23613000,262000,17156000,6457000,12953000,,751000,306000,67000,45000,706000,56000,762000,4300000,-3538000,11613000,1460000,13073000,7468000,3845000,,248000,3375000,,,20541000,12452000,862000,,8911000,2679000,,188000,188000,12640000,7901000,-4984000,53000,8899000,-1051000,,7901000,6441000,,,,,8089000,308,,1903000,,1.64961452,0.42,0.152826855
Clean_Energy,RSK BIOCENSUS LIMITED,4364279,North West,31/03/2024,06/04/2025,53,12,GBP,N,20744309,275603,13504966,7239343,8288149,443606,2104760,220436,44500,10882,2093878,-708289,1385589,1211000,174589,560756,19296,580052,4672175,946047,5870,135612,3584646,,,5252227,4931412,640454,,1669942,2621016,74926,74926,74926,5006338,245889,-259237,200,245689,,,245889,226593,,,,831936000,320815,180,,2329055,,1.065055404,2.14,0.472289681
Clean_Energy,ALTERNATIVE HEAT LIMITED,NI054205,Northern Ireland,01/04/2024,31/03/2025,52,12,GBP,N,46260984,17501797,33662882,12598102,13739383,3772,547531,475453,7100,,561584,34104,595688,1001500,-405812,3043667,,3043667,21626956,16183989,3589309,570581,1283077,-5103271,,24670623,12792276,2413835,,,10378441,,1695956,1695956,14488232,10182391,8834680,80,10182311,,,10182391,10182391,-3618431,-5103271,,,11878347,278,,1480679,,1.928556185,#DIV/0!,0.115747893
Clean_Energy,BLACKCRAIG WIND FARM (SCOTLAND) LIMITED,SC493311,,02/01/2024,31/12/2024,52,12,GBP,N,25359914,25359914,,25359914,,,14164631,4322893,,3256711,11222410,-1917449,9304961,12880642,-3575681,61717909,,61717909,23783857,2259790,,6311030,15213037,,,85501766,9270587,212541,7205897,,1852149,67296126,73265714,80471611,82536301,2965465,14513270,1,2965464,,,2965465,2965465,,,,,76231179,2,,18802014,,9.22290746,0.06,2.028136298
Clean_Energy,BROCKLOCH RIG WINDFARM LIMITED,SC149100,Scotland,02/01/2024,31/12/2024,52,12,GBP,N,25383000,21415000,,,,,15440000,3313000,35000,6757000,8951000,-2441000,6510000,7800000,-1290000,60062000,,60062000,16317000,296000,1143000,4121000,10757000,,,76379000,5948000,220000,,4501000,1227000,55551000,66947000,66947000,72895000,3484000,10369000,1000,3483000,,,3484000,3484000,,,,48488000,70431000,6,,19021000,,12.84112307,0.03,3.197881641
Clean_Energy,WYKES ENGINEERING CO. (RUSHDEN) LIMITED,1665017,East Of England,02/09/2023,31/08/2024,52,12,GBP,Y,35977000,244000,30738000,5239000,4550000,279000,-924000,2703000,34000,372000,-954000,250000,-704000,2000,-782000,39600000,178000,39778000,20430000,9386000,2681000,3376000,4987000,342000,,60208000,21618000,2366000,,,19252000,,1262000,1262000,22880000,37328000,-1188000,1000,37327000,,,37328000,37150000,4671000,342000,,,38590000,90,,3301000,,2.785086502,0.09,0.152696827
Clean_Energy,SOUTHGATE LIGHTING LIMITED,2685144,Yorkshire And The Humber,02/02/2024,31/01/2025,52,12,GBP,N,7297663,1290536,4009284,3288379,2083163,357305,481734,41940,15850,605,481533,-138353,343180,803611,-460431,804000,,804000,5247260,1762733,79552,2769997,634978,-86399,,6051260,1358609,538385,,,820224,,12775,12775,1371384,4679876,3888651,150,4679726,,,4679876,4679876,800105,-58066,-28333,,4692651,50,,698178,,4.454011419,11.54,0.513891782
Clean_Energy,OHES ENVIRONMENTAL LIMITED,4320201,Yorkshire And The Humber,02/10/2023,30/09/2024,52,12,GBP,N,24590000,24000,15873000,8717000,6579000,118000,4394000,71000,,,4394000,-1510000,2884000,16967000,-14083000,97000,,97000,8162000,2383000,,449000,5330000,,,8259000,5778000,747000,,2251000,2780000,,,,5778000,2481000,2384000,,2481000,,,2481000,2481000,,,,,2481000,133,,4465000,,1.429387331,#DIV/0!,0.77275874
Creative_Industries,2 HEADS GLOBAL DESIGN LIMITED,2004364,South East,02/08/2023,31/07/2024,52,12,GBP,N,26397145,19345720,16469843,9927302,4851077,,2388419,71057,36353,23621,2382027,-482500,1899527,285750,1613777,2944207,,2944207,14219990,3504979,2630984,4252462,3831565,,,17164197,12475015,1858849,185625,4838372,5592169,,11105,196730,12486120,4678077,1744975,11470,4645571,21036,,4678077,4678077,,,,,4689182,80,,2479911,,1.375885881,1.05,0.198790222
Creative_Industries,SPARK MARKETING SERVICES LIMITED,9975027,South West,02/01/2024,31/12/2024,52,12,GBP,N,13618430,,11958813,1659617,556801,149050,671800,66,,,671800,-168508,503292,569000,-65708,,6,6,3293018,1101181,751000,,1440837,,,3293024,2946701,1654824,,,1291877,,,,2946701,346323,346317,1000,345323,,,346323,346317,,,,88451000,346323,9,,672814,,1.11752906,#DIV/0!,0.228327883
Creative_Industries,NIMAX THEATRES LIMITED,5493237,London,01/10/2023,29/09/2024,52,12,GBP,N,35508172,,21271162,14237010,13675435,250000,9708515,812455,59300,13496,10079076,-2401396,7677680,1650000,6027680,31480951,170000,31650951,47651712,3817655,153332,30437846,13242879,,,79302663,22376234,2950827,,4358513,15066894,,,913852,23290086,56012577,25275478,1000,56011577,,,56012577,55842577,,,,,56926429,468,,11075027,,3.544057637,8.21,0.494945977
Creative_Industries,MEDIA AGENCY GROUP LIMITED,7022358,London,01/03/2024,28/02/2025,52,12,GBP,N,16298914,1835244,12342609,3956305,2074713,58825,212236,21784,32500,,267702,-85620,182082,10820974,-10638892,231876,,231876,5324420,1088261,,1143790,3092369,-1081138,,5556296,4366052,834178,,,3531874,,55652,55652,4421704,1134592,958368,103,1134489,,,1134592,1134592,9045001,-1081138,,,1190244,26,,460549,,1.272613336,#DIV/0!,0.105484085
Creative_Industries,PROJECT NEARSHORE LIMITED,11294575,North West,02/01/2024,31/12/2024,52,12,GBP,Y,76545961,4934491,49474033,27071928,17064550,192321,12199440,465717,48825,1473891,11282608,-2376207,8906401,6966328,1940073,603540,19130574,19734114,25487218,5634963,27587,16681574,3143094,436461,,45221332,19584069,4552493,,9840525,5191051,1111745,1142973,1142973,20727042,24494290,5903149,824,22452397,2041069,,24494290,5363716,21630241,6545551,-6109090,,25637263,463,,18993833,,2.309087657,0.13,0.969861422
Creative_Industries,SNAPPY SNAPS FRANCHISES LIMITED,2632020,North West,30/09/2023,28/09/2024,52,12,GBP,N,9166731,,5233451,3933280,,,2203329,117440,,,2212857,-559693,1653164,2000000,-346836,502486,791795,1294281,5241076,838630,174437,1151843,3076166,,,6535357,2880636,31782,,850506,1998348,,78698,78698,2959334,3576023,2360440,2,3576021,,,3576023,2784228,,,,,3654721,67,,2368979,,2.268720172,#DIV/0!,0.822380544
Creative_Industries,BLUE YONDER TECHNOLOGY SOLUTIONS (UK) LIMITED,1870973,London,02/01/2024,31/12/2024,52,12,GBP,N,77819000,50122000,42969000,34850000,46386000,,3230000,2119000,76000,,3499000,-1176000,2323000,19000000,-16677000,12396000,2621000,15017000,25504000,17378000,,5393000,2733000,,,40521000,16615000,1970000,,1544000,13101000,,1190000,1190000,17805000,22716000,8889000,1000000,21716000,,,22716000,20095000,,,,,23906000,355,,5916000,,2.438820343,#DIV/0!,0.356063798
Creative_Industries,INNOCEAN WORLDWIDE UK LIMITED,5731592,London,02/01/2024,31/12/2024,52,12,GBP,N,11726542,,2308752,9417790,4866939,501295,2167387,418826,78000,111322,2168452,-595420,1573032,1500000,73032,395025,1998714,2393739,13047470,7907141,,2276155,2864174,,,15441209,10764502,4599624,,656840,5508038,1783878,1841745,1841745,12606247,2834962,2282968,150000,2684962,,,2834962,836248,,,,,4676707,66,,2698600,,1.43445642,0.24,0.250694366
Creative_Industries,DATATEAM BUSINESS MEDIA LIMITED,1771113,South East,02/01/2024,31/12/2024,52,12,GBP,N,9595648,,3504070,6091578,2995447,135468,1322006,47692,33804,126878,1228247,-320512,907735,486000,421735,5999768,2550616,8550384,7119372,1873543,39500,697812,4508517,,,15669756,5711930,608542,33083,2352895,2717410,,443048,476131,6154978,9514778,1407442,50000,9072260,,392518,9514778,6964162,,,,,9957826,83,,1706809,,2.743338241,0.13,0.298814761
Creative_Industries,SUPERAWESOME TRADING LIMITED,3885555,London,02/01/2024,31/12/2024,52,12,GBP,N,27946208,,8883125,19063083,6362411,109303,59503,21907,54500,9469,1335586,3263002,4598588,10777005,-6178417,71012,,71012,45058572,10522607,,3873037,30662928,-4005737,,45129584,18495304,4028663,,6967651,7498990,,5412341,5412341,23907645,21221939,26563268,,21144621,77318,,21221939,21221939,-6286537,-6056412,2050675,,26634280,82,,4629964,,2.440056352,4.89,0.250331868
Defence,FNH UK LIMITED,2093078,London,02/01/2024,31/12/2024,52,12,GBP,N,19452000,,12924000,6528000,4547000,551000,1245000,600000,60000,936000,309000,-84000,225000,,225000,1906000,938000,2844000,26763000,5280000,14450000,62000,6971000,-152000,,29607000,22501000,1077000,,16375000,5049000,661000,731000,731000,23232000,6375000,4262000,50000,6325000,,,6375000,5437000,304000,-1024000,872000,,7106000,77,,2083000,,1.315808186,0.02,0.092573663
Defence,GARDNER AEROSPACE - CONSETT LIMITED,10130324,East Midlands,01/01/2023,31/12/2023,52,12,GBP,N,40467000,959000,35821000,4646000,7790000,,2900000,1751000,,1488000,2253000,-591000,1662000,,1662000,19430000,,19430000,39658000,7429000,5092000,188000,26949000,,,59088000,14984000,3496000,300000,8340000,2848000,17397000,17397000,17697000,32381000,26707000,24674000,,2940000,23767000,,26707000,26707000,,,,,44104000,159,,5492000,,3.9434063,0.04,0.366524293
Defence,TRIG AVIONICS LIMITED,SC261888,Scotland,01/01/2023,31/12/2023,52,12,GBP,Y,6513872,,4033727,2480145,,,-765687,65280,,19447,-785027,-2397,-787424,,-787424,102139,,102139,2467050,615292,1597089,106132,148537,,,2569189,1928759,1612078,34215,,282466,,271929,306144,2200688,368501,538291,223729,-1434216,1578988,,368501,368501,,,,,640430,34,,-700300,,1.332042521,-0.36,-0.363083205
Defence,BROADWAY ENGINEERING LIMITED,400926,South West,01/05/2024,30/04/2025,52,12,GBP,N,12405783,,8556175,3849608,3916171,225542,860108,495588,10800,151198,723571,-58049,665522,,665522,1590496,993,1591489,11104788,4023991,3692043,850396,2538358,,,12696277,3172175,992300,,1006565,1173310,42951,,440823,3612998,9083279,7932613,911,9081393,975,,9083279,9082286,,,,,9524102,95,,1372355,,4.002388582,0.09,0.432622727
Defence,NASMYTH HENTON LIMITED,6453721,West Midlands,02/05/2023,30/04/2024,52,12,GBP,N,6951000,,6140000,811000,,,146000,199000,,196000,-50000,-73000,-123000,,-123000,686000,,686000,3325000,1739000,1019000,,567000,,,4011000,2315000,816000,898000,143000,458000,1162000,1162000,2060000,3477000,534000,1010000,500000,-883000,917000,,534000,534000,,,,31783000,1696000,44,,345000,,1.732613391,0.02,0.149028078
Defence,SUPACAT LIMITED,1514084,South West,02/09/2023,31/08/2024,52,12,GBP,N,58123996,2889438,48542481,9581515,6641954,419570,3768518,449716,72295,95665,3883283,-691463,3191820,,3191820,2379907,8244047,10623954,24337969,9296190,7564706,4468708,3008365,,,34961923,12155323,3998071,315546,1024416,6817290,189903,4099928,4415474,16255251,18706672,12182646,1500000,17206672,,,18706672,10462625,,,,,22806600,139,,5392245,,2.876264415,0.56,0.443611823
Defence,NASMYTH BULWELL LIMITED,568879,West Midlands,02/05/2023,30/04/2024,52,12,GBP,N,21459000,,19465000,1994000,7687000,,162000,599000,18000,751000,-589000,14000,-575000,,-575000,2491000,,2491000,12493000,7127000,4861000,9000,496000,,,14984000,11771000,3339000,5547000,589000,2296000,4623000,4623000,10170000,16394000,-1410000,722000,750000,-2160000,,,-1410000,-1410000,,,,1237000,3213000,179,,789000,,1.272958967,0.01,0.067029139
Defence,AVICA AEROSPACE DUCTING LIMITED,12860653,North West,02/01/2024,31/12/2024,52,12,GBP,N,17710420,,14429946,3280474,5823133,,1664762,152188,45206,183328,1481434,-605143,876291,,876291,878729,160569,1039298,11136452,4325778,4766893,1644090,399691,,,12175750,4260114,1526751,1304036,583139,846188,,294519,1598555,4554633,7621117,6876338,1,-196870,7817986,,7621117,7460548,,,,,7915636,103,,1993572,,2.858080793,0.11,0.467962125
Defence,SLINGSBY ADVANCED COMPOSITES LIMITED,1688938,Yorkshire And The Humber,02/01/2024,31/12/2024,52,12,GBP,N,15311183,2850826,5610762,9700421,5417144,674533,,230750,67000,,2233979,-49399,2184580,,2184580,4744926,,4744926,10878331,1281554,2896087,7959,6692731,,,15623257,5939057,435867,17119,254093,5231978,,384379,401498,6323436,9299821,4939274,1000000,8299821,,,9299821,9299821,,,,,9684200,106,,2464729,,2.630595564,#DIV/0!,0.415003426
Defence,GARDNER AEROSPACE - DERBY LIMITED,3563546,East Midlands,01/01/2023,31/12/2023,52,12,GBP,N,54818000,15726000,53753000,1065000,7619000,,-3688000,881000,,1726000,-5414000,1345000,-4069000,,-4069000,6141000,1631000,7772000,31797000,14106000,12688000,,5003000,,,39569000,24700000,3010000,440000,19695000,1555000,17582000,18201000,18641000,42901000,-3332000,7097000,,-6327000,2995000,,-3332000,-4963000,,,,,14869000,164,,230000,,1.601983806,0.00,0.009311741
Digital&Technologies,EGNARO LIMITED,7395042,London,02/11/2023,31/10/2024,52,12,GBP,N,20519032,,14613028,5906004,2851737,,1523594,187615,8491,37326,1496663,-375581,1121082,657157,463925,950005,555972,1505977,2540324,648,478072,873698,1187906,-454493,,4046301,2417900,932827,140000,,1345073,,347452,487452,2765352,1280949,122424,100,1170849,110000,,1280949,724977,1632741,-314493,-140000,,1628401,92,,1905226,,1.673477398,0.51,0.787967244
Digital&Technologies,COMMUNICATIONS PLUS LTD,5938802,North West,02/12/2022,31/05/2024,78,18,GBP,Y,64560044,,37930529,26629515,9093479,291863,13216536,321538,24879,,13313373,-3505362,9808011,2421000,7387011,776674,1625598,2402272,16466601,10670002,2566,1727836,4066197,-2469601,,18868873,6489552,1774874,,73,4714605,,95387,95387,6584939,12283934,9977049,100,12283834,,,12283934,10658336,1145857,-2388628,-80973,,12379321,170,,12263264,,2.907577133,#DIV/0!,1.889693464
Digital&Technologies,ALAN WOOD PARTNERSHIP LIMITED,1988349,Yorkshire And The Humber,02/09/2023,31/08/2024,52,12,GBP,N,11721832,,6212761,5509071,5632714,,1936120,92850,5000,20106,1916014,-459701,1456313,1450646,5667,1646002,,1646002,5176182,2788656,,1943504,444022,,,6822184,3066416,698641,59734,1436882,871159,,615351,675085,3681767,3140417,2109766,31875,2755035,31875,321632,3140417,3140417,,,,,3755768,107,,2028970,,2.224807071,1.01,0.661674737
Digital&Technologies,ENTRUST SECURITY UK LIMITED,11673268,East Of England,01/04/2024,31/03/2025,52,12,GBP,N,67206000,57476000,16053000,51153000,16781000,,19338000,848000,,30000,19348000,-2511000,16837000,12000000,4837000,534997000,12220000,547217000,31668000,5530000,10415000,3625000,12098000,2399000,,578885000,19614000,1697000,,1388000,16529000,,8606000,8606000,28220000,550665000,12054000,1000000,518214000,31451000,,550665000,538445000,17151000,2399000,,,559271000,175,,23110000,,29.51386765,7.70,1.178240033
Digital&Technologies,LEBARA MOBILE NETHERLANDS LIMITED,14395483,London,02/01/2024,31/12/2024,52,12,GBP,N,48006220.05,,21592838.53,26413381.52,,,18576111.62,,79011.51,169790.7,20416071.27,-4066571.4,16349499.87,1681096.07,14668403.79,,,,46301588.63,847272.42,501807.17,652265.27,44300243.75,,,46301588.63,29759603.26,7283348.74,,4665041.6,17811213,,,,29759603.26,16541985,16541985.37,,16541985.37,,,16541985.37,16541985,,,,,16541985,,,20585861.96,,1.555853693,1.21,0.691738454
Digital&Technologies,PROJECT NEARSHORE LIMITED,11294575,North West,02/01/2024,31/12/2024,52,12,GBP,Y,76545961,4934491,49474033,27071928,17064550,192321,12199440,465717,48825,1473891,11282608,-2376207,8906401,6966328,1940073,603540,19130574,19734114,25487218,5634963,27587,16681574,3143094,436461,,45221332,19584069,4552493,,9840525,5191051,1111745,1142973,1142973,20727042,24494290,5903149,824,22452397,2041069,,24494290,5363716,21630241,6545551,-6109090,,25637263,463,,18993833,,2.309087657,0.13,0.969861422
Digital&Technologies,5G COMMUNICATIONS LIMITED,3513467,South East,02/10/2023,30/09/2024,52,12,GBP,Y,20851436,,9083517,11767919,5606848,654676,2442286,356425,53929,50969,2620948,-679326,1941622,2315000,-390705,1683822,4043992,5727814,5086943,759870,288074,2913434,1125565,-602691,,10814757,3857176,864065,5170,197925,2790016,88768,,334417,4186423,6628334,1229767,1549,6334394,292391,,6628334,2584342,2961787,-512147,-90544,,6957581,99,,3569027,,2.803801797,0.70,0.925295346
Digital&Technologies,BLUE YONDER TECHNOLOGY SOLUTIONS (UK) LIMITED,1870973,London,02/01/2024,31/12/2024,52,12,GBP,N,77819000,50122000,42969000,34850000,46386000,,3230000,2119000,76000,,3499000,-1176000,2323000,19000000,-16677000,12396000,2621000,15017000,25504000,17378000,,5393000,2733000,,,40521000,16615000,1970000,,1544000,13101000,,1190000,1190000,17805000,22716000,8889000,1000000,21716000,,,22716000,20095000,,,,,23906000,355,,5916000,,2.438820343,#DIV/0!,0.356063798
Digital&Technologies,DATATEAM BUSINESS MEDIA LIMITED,1771113,South East,02/01/2024,31/12/2024,52,12,GBP,N,9595648,,3504070,6091578,2995447,135468,1322006,47692,33804,126878,1228247,-320512,907735,486000,421735,5999768,2550616,8550384,7119372,1873543,39500,697812,4508517,,,15669756,5711930,608542,33083,2352895,2717410,,443048,476131,6154978,9514778,1407442,50000,9072260,,392518,9514778,6964162,,,,,9957826,83,,1706809,,2.743338241,0.13,0.298814761
Digital&Technologies,VOLARIS GROUP UK HOLDCO LTD,6483887,North West,02/01/2024,31/12/2024,52,12,GBP,N,9290788,7564897,,,592585,93393,4278767,,10025,1634872,7567349,-770986,6796363,3900000,2896363,264803787,172571,264976358,180190243,,,47459,180142784,,,445166601,209611134,22299,,200183102,9405733,,4557524,4557524,214168658,230997943,-29420891,20384829,197911372,12701742,,230997943,230825372,,,,11755881,235555467,7,,9860982,,2.12377364,0.06,0.047044171
Financial,LAZARI FINANCE LIMITED,9980657,London,01/04/2024,31/03/2025,52,12,GBP,N,48576913,,,48576913,,3494075,44208327,,21513,17250660,27075596,-6448198,20627398,13113406,7513992,,,,1072043563,217622,,18379954,6007822,,1047438165,1072043563,3757014,,,,3757014,,229303660,229303660,233060674,838982889,1068286549,11,331935238,507047640,,838982889,838982889,,,,,1068286549,4,,44326256,,285.344575,0.03,11.79826745
Financial,TYTO LEASING LIMITED,8014300,Yorkshire And The Humber,02/01/2024,31/12/2024,52,12,GBP,Y,14348922,,10074709,4274213,2938125,607083,511374,78749,27500,30898,480648,49336,529984,179375,350609,1394758,234501,1629259,2310926,207113,,1238129,865684,433656,,3940185,1758268,447648,43322,533015,734283,436930,925464,968786,2683732,1256453,552658,992,402815,699009,153637,1256453,1021952,1862692,1736331,-1302675,,2181917,40,,780013,,2.240946773,0.25,0.443625773
Financial,DIPWOOD HOLDINGS LIMITED,10599949,North East,02/01/2024,31/12/2024,52,12,GBP,Y,78986893,,74221229,4765664,3134159,138192,2112783,296663,31200,,2234572,-558709,1675863,2328800,-950937,5838199,,5838199,12087235,3119165,936447,7800615,231008,1454263,,17925434,5036425,3987370,,181440,867615,,297668,297668,5334093,12591341,7050810,6000,12585341,,,12591341,12591341,4843538,1941165,-486902,,12889009,92,,1879205,,3.559158332,#DIV/0!,0.3731228
Financial,SARACO INDUSTRIES HOLDINGS LIMITED,12821248,North West,02/01/2024,31/12/2024,52,12,GBP,Y,25263857,,21239959,4023898,3202602,107705,1685912,484429,15450,88582,1597330,-264114,1333216,111018,1222198,7974951,,7974951,10182229,4351604,3212954,1018946,1598725,-135212,,18157180,6158018,4835331,37000,,1285687,,1396718,1433718,7554736,10602444,4024211,200,8597412,,2004832,10602444,10602444,1309232,1045632,-1180844,,11999162,112,,1956227,,2.948542859,0.22,0.31767153
Financial,CLEARANCE CAPITAL LIMITED,6760235,London,02/01/2024,31/12/2024,52,12,GBP,N,12923307,12474432,,,7466856,1751524,3625106,74698,25900,25366,3760966,-943759,2817207,4593593,-1776386,952519,,952519,16115033,,,947680,15167353,-843769,,17067552,5167074,238319,,8308,4920447,,,,5167074,11900478,10947959,200000,11700478,,,11900478,11900478,-534237,-843769,,,11900478,20,,4337269,,3.303136746,1.71,0.839405242
Financial,DAMSON BIDCO 1 LIMITED,15554737,London,12/03/2024,31/12/2024,42,10,GBP,N,5212236,,,,,,4869117,,,3147419,7967631,-810035,7157596,867500,6290096,124095906,,124095906,831930,,,479198,352732,479198,,124927836,1776543,,,887508,889035,,68955207,68955207,70731750,54196086,-944613,2,6290096,47905988,,54196086,54196086,4650670,-114122088,114601286,,123151293,,,10305015,,70.32074991,0.03,5.800599817
Financial,UPLANDS RETAIL HOLDINGS LIMITED,11204379,South West,02/07/2023,30/06/2024,52,12,GBP,Y,67061175,,,,6539462,618443,3534999,199419,39950,,3922659,-1147326,2775333,3000000,-224667,1827338,8698688,10526026,24669947,15905052,,8560746,204149,2176626,,35195973,15971763,1930442,,,14041321,,121379,121379,16093142,19102831,8698184,250000,18852831,,,19102831,10404143,5892880,2176626,,,19224210,90,,4483657,,2.203637319,#DIV/0!,0.280723988
Financial,NORMAN 1985 LIMITED,9887179,North West,02/01/2024,31/12/2024,52,12,GBP,Y,11794000,,4110000,7684000,,,7415000,1976000,40000,1929000,5486000,-1912000,3574000,3063000,511000,28130000,14997000,43127000,11473000,755000,,6018000,4700000,660000,,54600000,7631000,124000,3374000,1885000,2248000,2662000,56653000,60027000,64284000,-9684000,3842000,8100000,-17784000,,,-9684000,-24681000,10626000,3875000,-3215000,,46969000,,,9514000,,7.155025554,0.05,1.246756651
Financial,EAST RENFREWSHIRE SCHOOLS (HOLDINGS) LIMITED,SC263678,Scotland,02/01/2024,31/12/2024,52,12,GBP,Y,6230000,,4599000,1631000,,,1178000,,14000,2546000,1395000,-349000,1046000,613000,433000,26307000,,26307000,18175000,1177000,,13530000,3468000,777000,,44482000,10694000,329000,,3618000,6747000,28797000,29250000,29250000,39944000,4538000,7481000,10000,4868000,-340000,,4538000,4538000,4365000,6043000,-5266000,,33788000,,,4064000,,4.159528708,0.02,0.380026183
Financial,ATCO INVESTMENTS LIMITED,15939117,Yorkshire And The Humber,01/05/2024,30/04/2025,52,12,GBP,Y,18999081,,2357649,16641432,4560877,430347,7767669,137874,72755,5011550,2874993,-762825,2112168,132000,1980168,87711069,1310384,89021453,11000466,6637213,,3362027,1001226,327317,,100021919,6575947,252462,,182156,6141329,,61836954,61836954,68412901,31609018,4424519,46590,41752376,-10189948,,31609018,30298634,13505373,1885926,-1558609,,93445972,108,,8094176,,15.21026842,0.02,1.2308761
Life_Science,TEVA LABORATORIES UK LIMITED,532832,Yorkshire And The Humber,02/01/2024,31/12/2024,52,12,GBP,N,8887000,1835000,,8887000,,,49840000,,,,54465000,-15177000,39288000,94000000,-54712000,,,,49260000,,,,49260000,,,49260000,35443000,779000,,20765000,13899000,,,,35443000,13817000,13817000,535000,13282000,,,13817000,13817000,,,,,13817000,,,54465000,,1.389837203,#DIV/0!,1.536692718
Life_Science,ESCHMANN TECHNOLOGIES LTD,11668380,South East,02/01/2024,31/12/2024,52,12,GBP,N,10757899,105291,7360501,3397398,4645724,64897,784335,43300,18800,30000,774715,-207000,567715,260000,307715,110936,1413838,1524774,3804150,1102104,1674842,450116,577088,,,5328924,3023767,378713,,,2645054,600000,600000,600000,3623767,1705157,780383,900000,805157,,,1705157,291319,,,,,2305157,112,,1000185,,1.762346107,0.33,0.330774494
Life_Science,G.R. LANE HEALTH PRODUCTS LIMITED,843899,South West,02/08/2023,31/07/2024,52,12,GBP,N,25914403,2620196,9696824,16217579,6455857,1029336,2475231,,27000,198331,2337551,-423549,1914002,1632000,282002,,,,16324407,4535040,7069330,3681499,1038538,,,16324407,10101978,1880675,841757,5821749,1557797,12025,212427,1054184,10314405,6010002,6222429,10002,6000000,,,6010002,6010002,,,,,6222429,185,,2535882,,1.615961448,0.13,0.251028264
Life_Science,BURTONS MEDICAL EQUIPMENT LIMITED,2044079,South East,02/11/2023,31/10/2024,52,12,GBP,N,21220808,2483331,15745417,5475391,5640517,,1232525,492068,17600,34536,1198299,-308124,890175,1000000,-109825,1246343,20000,1266343,6109787,2357760,2926302,409748,415977,,,7376130,3967076,860858,716443,380373,2009402,172160,,960300,4210933,3165197,2142711,100,3165097,,,3165197,3145197,,,,5034000,3409054,112,,1744903,,1.8593367,0.51,0.439846123
Life_Science,GAMA HEALTHCARE CORPORATION LIMITED,10759004,East Of England,01/04/2024,31/03/2025,52,12,GBP,Y,78872929,31600044,37556403,41316526,16397771,23546,13616520,792415,51405,1536,13746651,-885566,12861085,30000,12831085,4457283,3941725,8399008,51026977,10466223,6508860,14578380,19473514,10671981,,59425985,22422911,6461938,,,15960973,,400000,400000,22822911,36603074,28604066,100000,33039857,3792462,-329245,36603074,32661349,11545822,10671981,,,37003074,205,,15185194,,2.650235065,98.86,0.67721778
Life_Science,NUTRITION GROUP PLC,6450521,North West,01/07/2024,30/06/2025,52,12,GBP,Y,21495801,1221847,13857378,7638423,5255250,176713,2625733,858180,12250,28945,2800706,-766327,2034379,775000,1259379,14187335,348107,14535442,8590966,2998927,3404323,1829109,358607,-2844696,,23126408,4070947,1576446,301781,685960,1506760,24882,4830595,5132376,8901542,14224866,4520019,50000,14170466,4400,,14224866,13876759,4309468,-6412607,3567911,,19055461,135,,3897779,,5.68084232,1.35,0.957462477
Life_Science,MEDSTROM LTD,5709304,East Midlands,01/01/2023,31/12/2023,52,12,GBP,N,30193764,1508417,19224511,10969253,12580032,516722,3034559,2555766,40150,661597,2378787,-71247,2307540,1017500,1290040,10803881,806393,11610274,14996144,6343880,6314498,403595,1934171,,,26606418,12460671,2765063,,4883307,4812301,4561953,5489771,5489771,17950442,8655976,2535473,1000,8654976,,,8655976,7849583,,,,,14145747,328,,5782819,,2.135231562,0.09,0.464085682
Life_Science,INTEGRATED TECHNOLOGIES LIMITED,1300238,South East,02/10/2023,30/09/2024,52,12,GBP,N,20093121,2739000,13739347,6353774,5493040,367181,3206776,222130,,1347,3227378,-733878,2493500,3500000,-1006500,1490895,,1490895,10893729,4756261,4417485,768326,951657,,,12384624,3916565,699737,9925,,3206903,,266736,276661,4183301,8201323,6977164,300668,5419672,2480983,,8201323,8201323,,,,,8468059,113,,3450855,,3.16211374,25.62,0.881092233
Life_Science,STARKSTROM LIMITED,1013256,London,02/07/2023,30/06/2024,52,12,GBP,N,13538508,227995,7983484,5555024,3914669,187752,1882853,85855,11385,,1882853,-431066,1451787,2000000,-548213,355994,,355994,10777100,1981045,3918272,171245,4706538,-583466,,11133094,4922205,1594706,,74748,3252751,41486,56480,56480,4978685,6154409,5854895,35199,6060254,58956,,6154409,6154409,1491947,-583466,,,6210889,67,,1537642,,2.261810307,#DIV/0!,0.312388858
Life_Science,IVOR SHAW LIMITED,755641,East Midlands,01/04/2024,31/03/2025,52,12,GBP,N,21695462,9084962,14911677,6783785,6657520,437588,61962,142862,27500,5929,145197,-78185,67012,500000,-432988,1153511,57572,1211083,8341242,2313988,3668515,2028858,329881,,,9552325,4882496,1012620,,28881,3840995,95156,311156,311156,5193652,4358673,3458746,8004,4350669,,,4358673,4301101,,,,,4669829,177,,293988,,1.956442975,0.50,0.060212645
Professional_Business,K2 CORPORATE MOBILITY LIMITED,4467780,South East,02/01/2024,31/12/2024,52,12,GBP,N,45128490,15511910,31501470,13627020,6518008,926290,376389,208912,91169,13395,507501,145667,653168,1500000,-846832,1360509,3032432,4392941,39078571,9677186,784781,4671716,23944888,,,43471512,37130323,4753406,,23300162,9076755,,83224,83224,37213547,6257965,1948248,90,6257865,10,,6257965,3225533,,,,,6341189,99,,2870831,,1.170781951,2.14,0.077317695
Professional_Business,2 HEADS GLOBAL DESIGN LIMITED,2004364,South East,02/08/2023,31/07/2024,52,12,GBP,N,26397145,19345720,16469843,9927302,4851077,,2388419,71057,36353,23621,2382027,-482500,1899527,285750,1613777,2944207,,2944207,14219990,3504979,2630984,4252462,3831565,,,17164197,12475015,1858849,185625,4838372,5592169,,11105,196730,12486120,4678077,1744975,11470,4645571,21036,,4678077,4678077,,,,,4689182,80,,2479911,,1.375885881,1.05,0.198790222
Professional_Business,GROUNDWATER LIFT TRUCKS LIMITED,SC184382,,02/08/2023,31/07/2024,52,12,GBP,N,17641813,386525,13403179,4238634,3058884,64481,1979857,2463408,21500,840984,1206192,-375500,830692,100000,730692,28782670,,28782670,9263497,2004092,5521625,1345291,139653,847737,252836,38046167,7916098,1744841,58113,4442345,1670799,7884432,11802069,11860182,19718167,18328000,1347399,400,18327600,,,18328000,18328000,4635411,4616939,-3769202,,30130069,68,,4141205,,4.806176856,0.05,0.523137157
Professional_Business,MEDIA AGENCY GROUP LIMITED,7022358,London,01/03/2024,28/02/2025,52,12,GBP,N,16298914,1835244,12342609,3956305,2074713,58825,212236,21784,32500,,267702,-85620,182082,10820974,-10638892,231876,,231876,5324420,1088261,,1143790,3092369,-1081138,,5556296,4366052,834178,,,3531874,,55652,55652,4421704,1134592,958368,103,1134489,,,1134592,1134592,9045001,-1081138,,,1190244,26,,460549,,1.272613336,#DIV/0!,0.105484085
Professional_Business,BRINOR (HOLDINGS) LIMITED,1758831,East Of England,02/05/2023,30/04/2024,52,12,GBP,Y,14219487,3047177,12195341,2024146,3035353,12651,120368,248242,14865,4885,258584,-75976,182608,31000,151608,1811612,,1811612,7077188,2063469,,4420123,593596,653692,,8888800,2661832,1909205,,47722,704905,32670,233898,233898,2895730,5993070,4415356,189000,5782508,,21562,5993070,5993070,929058,779529,-125837,90000,6226968,78,,544974,,3.339354249,1.12,0.204736437
Professional_Business,AHR GROUP LIMITED,4364250,North West,01/01/2024,31/03/2025,65,15,GBP,Y,41332374,163733,21919242,19413132,14572223,,5651156,323062,35940,82573,5705756,-1095434,4610322,49100000,-44489678,335133,142979,478112,14740371,9302491,,3920945,1516935,-1737980,,15218483,11813585,1724364,,3905344,6183877,102292,1505845,1505845,13319430,1899053,2926786,104445,1794608,,,1899053,1756074,4570624,-1633836,-104144,,3404898,225,,6270540,,1.28821886,0.76,0.530790611
Professional_Business,SHERBORNE HOLDINGS LIMITED,6307541,South West,01/04/2024,31/03/2025,52,12,GBP,Y,81695968,6980431,48604264,33091704,17512068,545931,4090938,2803444,67925,320641,4099005,-1118942,2980063,2285891,694172,60586371,2924120,63510491,39107945,7467695,19163876,7925840,4550534,1473529,,102618436,20792643,8496401,2091524,,10204718,1204700,4907845,6999369,25700488,76917948,18315302,2689284,73983933,,244731,76917948,73993828,11173353,1473529,,357377,81825793,458,,8313086,,4.935324288,0.26,0.399809009
Professional_Business,BI WORLDWIDE HOLDINGS LIMITED,4229385,South East,01/07/2024,30/06/2025,52,12,GBP,Y,76705780,35369181,60908190,15797590,10382685,803085,673916,405599,62500,3455,2071805,-502719,1569086,1387500,181586,4245396,,4245396,74864805,6876866,173036,39724600,14198956,8865033,13891347,79110201,63209432,3681268,,3814748,55713416,,,,63209432,15900769,11655373,100,14868598,,1032071,15900769,15900769,9040047,8865033,,,15900769,143,,2512693,,1.251556904,7.27,0.039751868
Professional_Business,CASPIAN ONE LIMITED,5018700,South West,01/04/2024,31/03/2025,52,12,GBP,Y,37903423,6355361,29572049,8331374,5496341,209950,562049,254070,20450,51896,543592,-151575,392017,582000,-189983,1072834,3026338,4099172,6977145,3181320,,1782473,2013352,-1115856,,11076317,5923987,1814084,43391,309966,3756546,284366,500693,544084,6424680,4651637,1053158,1101,4650536,,,4651637,1625299,2520302,-1047464,-68392,,5152330,62,,767985,,1.869740261,0.15,0.129639886
Professional_Business,ROBERT WELCH DESIGNS LIMITED,689103,South West,01/05/2024,30/04/2025,52,12,GBP,N,23044498,11515828,13080539,9963959,3573510,541706,4247299,40955,18350,25606,4410809,-996937,3413872,2270000,1143872,1122999,,1122999,20402252,2379065,8478796,8697413,846978,1531911,,21525251,5730866,1891352,,,3839514,,,152232,5883098,15642153,14671386,7500,15634628,25,,15642153,15642153,3260308,1531911,,,15794385,76,,4320506,,3.756020643,1.69,0.753901068
Real_Estate,RTS TEXTILES LTD,517930,North West,02/01/2024,31/12/2024,52,12,GBP,N,59549000,22665000,53932000,5617000,7432000,48000,-411000,538000,,426000,-188000,661000,473000,,473000,6354000,,6354000,58601000,12209000,18856000,,26209000,,1327000,64955000,43341000,14312000,,19007000,10022000,,,,43341000,21614000,15260000,,21614000,,,21614000,21614000,,,,,21614000,177,,2098000,,1.498696384,0.05,0.04840682
Real_Estate,RFE EUROPA LIMITED,7162852,South East,02/07/2023,30/06/2024,52,12,GBP,N,15600557,7437291,13203683,2396874,2113645,160000,956312,,8100,150572,805740,-224914,580826,,580826,,,,6281908,2464169,94739,1241854,2481146,,,6281908,7020259,3392177,,3453389,174693,,,,7020259,-738351,-738351,100,-738451,,,-738351,-738351,,,,,-738351,31,,956312,,0.894825675,0.06,0.136221755
Real_Estate,THE MOUNTAIN BOOT COMPANY LIMITED,2887906,North East,02/07/2023,30/06/2024,52,12,GBP,N,19907480,211101,15777113,4130367,1689417,218324,717004,88563,11780,333056,383948,-100527,283421,276000,7421,720332,,720332,10092297,2201389,5562378,1173352,1155178,1645837,,10812629,6095570,1120344,3902454,,1072772,,474189,4376643,6569759,4242870,3996727,383000,3999920,-140050,,4242870,4242870,2732140,2133562,-487725,,4717059,42,,755025,,1.773850354,0.02,0.123864544
Real_Estate,CARMEL CLOTHING LIMITED,3613529,London,02/01/2024,31/12/2024,52,12,GBP,Y,63854694.62,33746466.08,54129963.23,9724731.39,7758614.94,3530754.05,-827169.86,88125.75,60024,1433437.87,-2512097.83,26571.87,-2485525.96,450180.07,-2935706.03,7074868,779737.39,7854605.34,36897976.44,11551160.71,23931814.22,629245.94,785755.55,-7087.33,,44752581.78,34467662.06,17865649.75,586617,,16015395,,,586617,34467662.06,10284920,2430314.38,2048169.26,8236750.45,,,10284919.71,9505182,3372800.12,578639,-585727.04,,10284920,151,,-880064.34,,1.298393309,-0.01,-0.025533044
Real_Estate,"W.F.B. BAIRD & CO., LIMITED",NI00R764,Northern Ireland,02/04/2023,31/03/2024,52,12,GBP,N,10829428,8842045,7243725,3585703,,,2066907,54414,,46680,2020227,-402819,1617408,,1617408,5988440,,5988440,17323698,1550270,5093543,1598882,9081003,,,23312138,2575531,1048591,,,1526940,,,,2575531,20736607,14748167,42000,16749058,3945549,,20736607,20736607,,,,,20736607,2,,2121321,,9.051390956,0.45,0.823644134
Real_Estate,PENTHOUSE CARPETS LIMITED,1059087,North West,02/07/2023,30/06/2024,52,12,GBP,N,14220054,188656,10966164,3253890,2861043,293263,87094,283511,11650,1278,129707,-44031,85676,,85676,5282762,,5282762,7992191,1272565,4497238,1926523,295865,,,13274953,2242457,1294851,,118325,829281,,1047494,1047494,3289951,9985002,5749734,200127,7218042,18894,2547939,9985002,9985002,,,,,11032496,73,,414496,,5.919824996,3.24,0.184840111
Real_Estate,CONTAINERLIFT SERVICES LIMITED,2361315,East Of England,02/01/2024,31/12/2024,52,12,GBP,N,12953181,16445,9957794,2995387,3489253,166949,506302,646187,23225,227650,278652,-125737,152915,,152915,5383101,,5383101,4360834,1359611,102690,238494,2660039,282648,,9743935,4474748,954461,639251,2266095,614941,1583876,,3361482,7196979,2546956,-113914,9804,2198505,233256,105391,2546956,2546956,1510858,1217986,-935338,,5269187,69,,1043479,,2.177538266,0.05,0.233192797
Real_Estate,RENFOLD LIMITED,7426973,London,01/04/2024,31/03/2025,52,12,GBP,N,22841737,3769002,9781715,13060022,1952753,335650,2260836,64508,19500,247210,2013626,-518729,1494897,180000,1314897,187200,175527,362727,6481554,1977347,2916288,1084200,503719,1164431,,6844281,4038587,1780673,262825,662431,1332658,,281670,544495,4320257,2524024,2442967,105,2523919,,,2524024,2348497,1617424,1186185,-21754,,2805694,32,,1915909,,1.694721694,0.08,0.474400824
Real_Estate,CAMIRA TRANSPORT FABRICS LIMITED,6372802,Yorkshire And The Humber,31/12/2023,29/12/2024,52,12,GBP,N,20193839,15125704,18097359,2096480,658494,,15892,175753,45000,8716,7176,-2153,5023,,5023,993911,,993911,16672149,1226276,2743240,180157,12522476,,,17666060,10884541,768816,,9613574,502151,,229247,229247,11113788,6552272,5787608,1,6552271,,,6552272,6552272,,,,33801251,6781519,15,,191645,,1.623041339,0.22,0.017607081
Real_Estate,ROMO LIMITED,385709,East Midlands,02/01/2024,31/12/2024,52,12,GBP,N,59683000,35979000,35591000,24092000,20147000,2532000,1527000,1639000,66000,242000,7033000,-323000,6710000,3000000,3710000,21795000,,21795000,41099000,3354000,20190000,859000,16696000,,,62894000,6518000,3221000,,467000,2830000,10000,3889000,3889000,10407000,52487000,34581000,13000,52466000,8000,,52487000,52487000,,,,,56376000,368,,8914000,,9.64927892,0.37,1.367597423
Retail,BROOK TAVERNER LIMITED,450639,Yorkshire And The Humber,02/01/2024,31/12/2024,52,12,GBP,Y,52681281,8768889,27920746,24760535,9440312,1509058,7657329,1018167,23400,72122,7621804,-1938064,5683740,450000,5233740,7163992,,7163992,18786300,3771400,11775617,1890281,1349002,,,25950292,5729406,2399132,,90423,3239851,,,321897,6051303,19898989,13056894,30120,19868869,,,19898989,19898989,,,,,20220886,225,,8712093,,4.529316303,1.21,1.520592711
Retail,MARTIN MOORE LTD.,3958298,North West,02/04/2023,31/03/2024,52,12,GBP,N,10714760,308707,6653512,4061248,2539585,129601,136965,174931,9450,47053,116721,-35512,81209,30000,51209,1842715,,1842715,3662417,450270,357825,912349,1941973,,,5505132,3395154,441104,240000,34862,2679188,,635460,875460,4030614,1474518,267263,100,1474418,,,1474518,1474518,,,,,2109978,46,,338705,,1.621467539,0.07,0.099761307
Retail,FIX247 LIMITED,6986857,South West,02/02/2024,31/01/2025,52,12,GBP,N,11515028,744,7400707,4114321,1522069,36000,1933238,138608,8000,,1956401,-493156,1463245,860400,602845,2444674,,2444674,4906638,1914630,900332,1641097,450579,465047,,7351312,1408393,829855,,,578538,,106915,106915,1515308,5836004,3498245,100,5811914,23990,,5836004,5836004,1902818,465047,,,5942919,34,,2146990,,5.219645369,#DIV/0!,1.524425356
Retail,WELLER PACKAGING LTD,1206702,West Midlands,02/01/2024,31/12/2024,52,12,GBP,N,15225435,379909,10302564,4922871,1574154,240111,2067307,120375,12350,182225,1999887,-518969,1480918,2800000,-1319082,1137750,449,1138199,11557070,2384107,4457722,1296138,3419103,,,12695269,3094099,593781,60000,1812446,627872,,1053000,1113000,4147099,8548170,8462971,25000,8523170,,,8548170,8547721,,,,,9601170,37,,2302929,,4.103058435,0.13,0.744297128
Retail,PSA PARTS LIMITED,3544196,London,02/06/2023,31/05/2024,52,12,GBP,N,27304240,8921770,20963553,6340687,2311108,391618,1073196,44346,15000,5015,1102090,-274797,827293,601020,226273,139770,,139770,9021898,3000371,3228515,2350088,442924,,,9161668,2960079,1789615,,239815,930649,,,,2960079,6201589,6061819,810,6200589,190,,6201589,6201589,,,,,6201589,47,,1151451,,3.095075503,2.30,0.388993334
Retail,CHARLES JACKSON & CO. LIMITED,1888633,East Midlands,01/06/2024,31/05/2025,52,12,GBP,N,38154223,7406724,30731198,7423025,2124421,375221,1981133,849966,12000,335076,1646057,-700605,945452,1200000,-254548,9629132,,9629132,10958779,6418121,3237080,177434,1126144,-162281,,20587911,10013550,3429278,166500,5386942,1030830,593593,3679289,3845789,13692839,6895072,945229,265000,6630072,,,6895072,6895072,1960647,-529349,367068,,10574361,43,,2130494,,2.056005213,0.06,0.212761109
Retail,FAI AUTOMOTIVE LIMITED,953723,East Of England,02/07/2023,30/06/2024,52,12,GBP,N,34076409,16502215,21721692,12354717,4662860,886028,5101147,139172,50358,10252,5233588,-1254715,3978873,4336443,-357570,,,,21658695,,,91300,21567395,-4889656,,21658695,759318,417540,,,341778,,,,759318,20899377,20899377,53334,20298086,547957,,20899377,20899377,86087,-4889656,,,20899377,99,,5500322,,28.52387932,5.37,7.243766116
Retail,D.R.WAKEFIELD & COMPANY LIMITED,971152,London,02/02/2024,31/01/2025,52,12,GBP,Y,89403693,34509144,79490058,9913635,3033550,238326,5211882,37053,82827,1382494,-180593,120525,-60068,1093500,-1153568,71096,5160,76256,48468541,14745633,22505723,9926978,1290207,7477738,,48544797,40565052,4962736,21577855,4376153,9648308,,,21577855,40565052,7979745,7903489,100000,7879745,,,7979745,7974585,7863582,5057057,2420681,,7979745,33,,1718694,,1.196714773,0.01,0.042368835
Retail,GO SUPERFOODS LTD,8319689,Yorkshire And The Humber,01/01/2023,31/12/2023,52,12,GBP,N,16769921,6497941,13038087,3731834,1681346,51630,1020296,26359,11840,11692,1039687,-245872,793815,500000,293815,65716,957,66673,8722639,1233477,4802947,1383141,1303074,,,8789312,1082819,649491,,76114,357214,,13000,13000,1095819,7693493,7639820,100,7693393,,,7693493,7692536,,,,,7706493,45,,1077738,,8.11706481,0.92,0.995307618
Retail,BALLINASKEAGH GRAINS LIMITED,NI027213,Northern Ireland,02/08/2023,31/07/2024,52,12,GBP,N,41574312,41574312,39559994,2014318,730002,318200,434543,83763,12000,67984,376677,-111583,265094,27500,237594,780729,,780729,7876285,5336253,51217,337481,2151334,989438,,8657014,2140094,1779489,60000,,300605,,74067,134067,2214161,6442853,5736191,10000,6432853,,,6442853,6442853,1254348,1049438,-60000,,6516920,16,,483860,,4.04515596,0.07,0.226092873
